State,Subreddit,Name,Submissions Link,Comments Link,Latitude,Longitude,Metadata
California,/r/california/wiki/faq,More California-related reddits,https://the-eye.eu/redarcs/files/California_submissions.zst,https://the-eye.eu/redarcs/files/California_comments.zst,,,Error
Illinois,/r/dekalbarea,De Kalb Area,https://the-eye.eu/redarcs/files/de_submissions.zst,https://the-eye.eu/redarcs/files/de_comments.zst,,,Error
Georgia,/r/georgiausa,Georgia USA,https://the-eye.eu/redarcs/files/Georgia_submissions.zst,https://the-eye.eu/redarcs/files/Georgia_comments.zst,,,Error
North Dakota,/r/greatergrandforks,Greater Grand Forks,https://the-eye.eu/redarcs/files/GRE_submissions.zst,https://the-eye.eu/redarcs/files/GRE_comments.zst,,,Error
Kentucky,/r/lexingtonhangouts,Lexington Hangouts,https://the-eye.eu/redarcs/files/lexington_submissions.zst,https://the-eye.eu/redarcs/files/lexington_comments.zst,,,Error
Massachusetts,/r/metrowest,Metro West,https://the-eye.eu/redarcs/files/metro_submissions.zst,https://the-eye.eu/redarcs/files/metro_comments.zst,,,Error
Colorado,/r/noco,Northen Colorado,https://the-eye.eu/redarcs/files/no_submissions.zst,https://the-eye.eu/redarcs/files/no_comments.zst,,,Error
Massachusetts,/r/northshore,North Shore,https://the-eye.eu/redarcs/files/no_submissions.zst,https://the-eye.eu/redarcs/files/no_comments.zst,,,Error
New York,/r/northportny,North Port,https://the-eye.eu/redarcs/files/no_submissions.zst,https://the-eye.eu/redarcs/files/no_comments.zst,,,Error
Iowa,/r/quadcities,Quad Cities Area,https://the-eye.eu/redarcs/files/QuadCities_submissions.zst,https://the-eye.eu/redarcs/files/QuadCities_comments.zst,,,Error
Texas,/r/riograndevalley,Rio Grande Valley,https://the-eye.eu/redarcs/files/RioGrandeValley_submissions.zst,https://the-eye.eu/redarcs/files/RioGrandeValley_comments.zst,,,Error
Montana,/r/ruralmt,Rural Montana,https://the-eye.eu/redarcs/files/ru_submissions.zst,https://the-eye.eu/redarcs/files/ru_comments.zst,,,Error
Washington,/r/seattlewa,SeattleWA,https://the-eye.eu/redarcs/files/Seattle_submissions.zst,https://the-eye.eu/redarcs/files/Seattle_comments.zst,,,Error
Washington,/r/seattlewa,SeattleWA,https://the-eye.eu/redarcs/files/SeattleWA_submissions.zst,https://the-eye.eu/redarcs/files/SeattleWA_comments.zst,,,Error
Illinois,/r/skankakee,Kankakee County and/or city,https://the-eye.eu/redarcs/files/Ska_submissions.zst,https://the-eye.eu/redarcs/files/Ska_comments.zst,,,Error
Michigan,/r/southbend,South Bend,https://the-eye.eu/redarcs/files/SouthBend_submissions.zst,https://the-eye.eu/redarcs/files/SouthBend_comments.zst,,,Error
Minnesota,/r/twincitiessocial,Twin Cities Social,https://the-eye.eu/redarcs/files/TwinCities_submissions.zst,https://the-eye.eu/redarcs/files/TwinCities_comments.zst,,,Error
Minnesota,/r/twincitiessocial,Twin Cities Social,https://the-eye.eu/redarcs/files/twincitiessocial_submissions.zst,https://the-eye.eu/redarcs/files/twincitiessocial_comments.zst,,,Error
