State,Subreddit,Name,Submissions Link,Comments Link
Alabama,alabama,Alabama,https://the-eye.eu/redarcs/files/Alabama_submissions.zst,https://the-eye.eu/redarcs/files/Alabama_comments.zst
Alabama,auburn,Auburn,https://the-eye.eu/redarcs/files/auburn_submissions.zst,https://the-eye.eu/redarcs/files/auburn_comments.zst
Alabama,birmingham,Birmingham,https://the-eye.eu/redarcs/files/Birmingham_submissions.zst,https://the-eye.eu/redarcs/files/Birmingham_comments.zst
Alabama,huntsvillealabama,Huntsville,https://the-eye.eu/redarcs/files/HuntsvilleAlabama_submissions.zst,https://the-eye.eu/redarcs/files/HuntsvilleAlabama_comments.zst
Alabama,mobileal,Mobile,https://the-eye.eu/redarcs/files/MobileAL_submissions.zst,https://the-eye.eu/redarcs/files/MobileAL_comments.zst
Alaska,alaska,Alaska,https://the-eye.eu/redarcs/files/alaska_submissions.zst,https://the-eye.eu/redarcs/files/alaska_comments.zst
Alaska,anchorage,Anchorage,https://the-eye.eu/redarcs/files/anchorage_submissions.zst,https://the-eye.eu/redarcs/files/anchorage_comments.zst
Alaska,fairbanks,Fairbanks,https://the-eye.eu/redarcs/files/Fairbanks_submissions.zst,https://the-eye.eu/redarcs/files/Fairbanks_comments.zst
Arizona,arizona,Arizona,https://the-eye.eu/redarcs/files/arizona_submissions.zst,https://the-eye.eu/redarcs/files/arizona_comments.zst
Arizona,flagstaff,Flagstaff,https://the-eye.eu/redarcs/files/Flagstaff_submissions.zst,https://the-eye.eu/redarcs/files/Flagstaff_comments.zst
Arizona,phoenix,Phoenix,https://the-eye.eu/redarcs/files/phoenix_submissions.zst,https://the-eye.eu/redarcs/files/phoenix_comments.zst
Arizona,scottsdale,Scottsdale,https://the-eye.eu/redarcs/files/Scottsdale_submissions.zst,https://the-eye.eu/redarcs/files/Scottsdale_comments.zst
Arizona,tempe,Tempe,https://the-eye.eu/redarcs/files/Tempe_submissions.zst,https://the-eye.eu/redarcs/files/Tempe_comments.zst
Arizona,tucson,Tucson,https://the-eye.eu/redarcs/files/Tucson_submissions.zst,https://the-eye.eu/redarcs/files/Tucson_comments.zst
Arkansas,arkansas,Arkansas,https://the-eye.eu/redarcs/files/Arkansas_submissions.zst,https://the-eye.eu/redarcs/files/Arkansas_comments.zst
Arkansas,fayetteville,Fayetteville,https://the-eye.eu/redarcs/files/fayetteville_submissions.zst,https://the-eye.eu/redarcs/files/fayetteville_comments.zst
Arkansas,littlerock,Little Rock,https://the-eye.eu/redarcs/files/LittleRock_submissions.zst,https://the-eye.eu/redarcs/files/LittleRock_comments.zst
California,california,California,https://the-eye.eu/redarcs/files/California_submissions.zst,https://the-eye.eu/redarcs/files/California_comments.zst
#Northern California,bayarea,Bay Area,https://the-eye.eu/redarcs/files/bayarea_submissions.zst,https://the-eye.eu/redarcs/files/bayarea_comments.zst
#Northern California,chicoca,Chico,https://the-eye.eu/redarcs/files/ChicoCA_submissions.zst,https://the-eye.eu/redarcs/files/ChicoCA_comments.zst
#Northern California,humboldt,Humboldt,https://the-eye.eu/redarcs/files/Humboldt_submissions.zst,https://the-eye.eu/redarcs/files/Humboldt_comments.zst
#Northern California,montereybay,Monterey Bay,https://the-eye.eu/redarcs/files/MontereyBay_submissions.zst,https://the-eye.eu/redarcs/files/MontereyBay_comments.zst
#Northern California,oakland,Oakland,https://the-eye.eu/redarcs/files/oakland_submissions.zst,https://the-eye.eu/redarcs/files/oakland_comments.zst
#Northern California,redding,Redding,https://the-eye.eu/redarcs/files/Redding_submissions.zst,https://the-eye.eu/redarcs/files/Redding_comments.zst
#Northern California,roseville,Roseville,https://the-eye.eu/redarcs/files/Roseville_submissions.zst,https://the-eye.eu/redarcs/files/Roseville_comments.zst
#Northern California,sacramento,Sacramento,https://the-eye.eu/redarcs/files/Sacramento_submissions.zst,https://the-eye.eu/redarcs/files/Sacramento_comments.zst
#Northern California,sanfrancisco,San Francisco,https://the-eye.eu/redarcs/files/sanfrancisco_submissions.zst,https://the-eye.eu/redarcs/files/sanfrancisco_comments.zst
#Northern California,sanjose,San Jose,https://the-eye.eu/redarcs/files/SanJose_submissions.zst,https://the-eye.eu/redarcs/files/SanJose_comments.zst
#Northern California,santacruz,Santa Cruz,https://the-eye.eu/redarcs/files/santacruz_submissions.zst,https://the-eye.eu/redarcs/files/santacruz_comments.zst
#Northern California,santarosa,Santa Rosa,https://the-eye.eu/redarcs/files/santarosa_submissions.zst,https://the-eye.eu/redarcs/files/santarosa_comments.zst
#Northern California,tahoe,Tahoe,https://the-eye.eu/redarcs/files/tahoe_submissions.zst,https://the-eye.eu/redarcs/files/tahoe_comments.zst
#Central California,bakersfield,Bakersfield,https://the-eye.eu/redarcs/files/Bakersfield_submissions.zst,https://the-eye.eu/redarcs/files/Bakersfield_comments.zst
#Central California,fresno,Fresno,https://the-eye.eu/redarcs/files/fresno_submissions.zst,https://the-eye.eu/redarcs/files/fresno_comments.zst
#Central California,slo,San Luis Obispo,https://the-eye.eu/redarcs/files/SLO_submissions.zst,https://the-eye.eu/redarcs/files/SLO_comments.zst
#Central California,yosemite,Yosemite National Park,https://the-eye.eu/redarcs/files/Yosemite_submissions.zst,https://the-eye.eu/redarcs/files/Yosemite_comments.zst
#Southern California,burbank,Burbank,https://the-eye.eu/redarcs/files/burbank_submissions.zst,https://the-eye.eu/redarcs/files/burbank_comments.zst
#Southern California,inlandempire,Inland Empire,https://the-eye.eu/redarcs/files/InlandEmpire_submissions.zst,https://the-eye.eu/redarcs/files/InlandEmpire_comments.zst
#Southern California,irvine,Irvine,https://the-eye.eu/redarcs/files/irvine_submissions.zst,https://the-eye.eu/redarcs/files/irvine_comments.zst
#Southern California,longbeach,Long Beach,https://the-eye.eu/redarcs/files/longbeach_submissions.zst,https://the-eye.eu/redarcs/files/longbeach_comments.zst
#Southern California,losangeles,Los Angeles,https://the-eye.eu/redarcs/files/LosAngeles_submissions.zst,https://the-eye.eu/redarcs/files/LosAngeles_comments.zst
#Southern California,northcounty,North County,https://the-eye.eu/redarcs/files/northcounty_submissions.zst,https://the-eye.eu/redarcs/files/northcounty_comments.zst
#Southern California,orangecounty,Orange County,https://the-eye.eu/redarcs/files/orangecounty_submissions.zst,https://the-eye.eu/redarcs/files/orangecounty_comments.zst
#Southern California,pasadena,Pasadena,https://the-eye.eu/redarcs/files/pasadena_submissions.zst,https://the-eye.eu/redarcs/files/pasadena_comments.zst
#Southern California,sandiego,San Diego,https://the-eye.eu/redarcs/files/sandiego_submissions.zst,https://the-eye.eu/redarcs/files/sandiego_comments.zst
#Southern California,sfv,San Fernando Valley,https://the-eye.eu/redarcs/files/SFV_submissions.zst,https://the-eye.eu/redarcs/files/SFV_comments.zst
#Southern California,santabarbara,Santa Barbara,https://the-eye.eu/redarcs/files/SantaBarbara_submissions.zst,https://the-eye.eu/redarcs/files/SantaBarbara_comments.zst
#Southern California,santamonica,Santa Monica,https://the-eye.eu/redarcs/files/SantaMonica_submissions.zst,https://the-eye.eu/redarcs/files/SantaMonica_comments.zst
#Southern California,venturacounty,Ventura County,https://the-eye.eu/redarcs/files/venturacounty_submissions.zst,https://the-eye.eu/redarcs/files/venturacounty_comments.zst
Colorado,colorado,Colorado,https://the-eye.eu/redarcs/files/Colorado_submissions.zst,https://the-eye.eu/redarcs/files/Colorado_comments.zst
Colorado,boulder,Boulder,https://the-eye.eu/redarcs/files/boulder_submissions.zst,https://the-eye.eu/redarcs/files/boulder_comments.zst
Colorado,coloradosprings,Colorado Springs,https://the-eye.eu/redarcs/files/ColoradoSprings_submissions.zst,https://the-eye.eu/redarcs/files/ColoradoSprings_comments.zst
Colorado,denver,Denver,https://the-eye.eu/redarcs/files/Denver_submissions.zst,https://the-eye.eu/redarcs/files/Denver_comments.zst
Colorado,fortcollins,Fort Collins,https://the-eye.eu/redarcs/files/FortCollins_submissions.zst,https://the-eye.eu/redarcs/files/FortCollins_comments.zst
Colorado,longmont,Longmont,https://the-eye.eu/redarcs/files/Longmont_submissions.zst,https://the-eye.eu/redarcs/files/Longmont_comments.zst
Connecticut,connecticut,Connecticut,https://the-eye.eu/redarcs/files/Connecticut_submissions.zst,https://the-eye.eu/redarcs/files/Connecticut_comments.zst
Connecticut,newhaven,New Haven,https://the-eye.eu/redarcs/files/newhaven_submissions.zst,https://the-eye.eu/redarcs/files/newhaven_comments.zst
Delaware,delaware,Delaware,https://the-eye.eu/redarcs/files/Delaware_submissions.zst,https://the-eye.eu/redarcs/files/Delaware_comments.zst
District of Columbia,washingtondc,Washington DC,https://the-eye.eu/redarcs/files/washingtondc_submissions.zst,https://the-eye.eu/redarcs/files/washingtondc_comments.zst
Florida,florida,Florida,https://the-eye.eu/redarcs/files/florida_submissions.zst,https://the-eye.eu/redarcs/files/florida_comments.zst
Florida,321,Brevard County (321),https://the-eye.eu/redarcs/files/321_submissions.zst,https://the-eye.eu/redarcs/files/321_comments.zst
Florida,fortlauderdale,Fort Lauderdale,https://the-eye.eu/redarcs/files/fortlauderdale_submissions.zst,https://the-eye.eu/redarcs/files/fortlauderdale_comments.zst
Florida,gnv,Gainesville,https://the-eye.eu/redarcs/files/GNV_submissions.zst,https://the-eye.eu/redarcs/files/GNV_comments.zst
Florida,jacksonville,Jacksonville,https://the-eye.eu/redarcs/files/jacksonville_submissions.zst,https://the-eye.eu/redarcs/files/jacksonville_comments.zst
Florida,lakeland,Lakeland,https://the-eye.eu/redarcs/files/lakeland_submissions.zst,https://the-eye.eu/redarcs/files/lakeland_comments.zst
Florida,miami,Miami,https://the-eye.eu/redarcs/files/Miami_submissions.zst,https://the-eye.eu/redarcs/files/Miami_comments.zst
Florida,orlando,Orlando,https://the-eye.eu/redarcs/files/orlando_submissions.zst,https://the-eye.eu/redarcs/files/orlando_comments.zst
Florida,pensacola,Pensacola,https://the-eye.eu/redarcs/files/Pensacola_submissions.zst,https://the-eye.eu/redarcs/files/Pensacola_comments.zst
Florida,sarasota,Sarasota,https://the-eye.eu/redarcs/files/sarasota_submissions.zst,https://the-eye.eu/redarcs/files/sarasota_comments.zst
Florida,stpetersburgfl,St. Petersburg,https://the-eye.eu/redarcs/files/StPetersburgFL_submissions.zst,https://the-eye.eu/redarcs/files/StPetersburgFL_comments.zst
Florida,tampa,Tampa,https://the-eye.eu/redarcs/files/tampa_submissions.zst,https://the-eye.eu/redarcs/files/tampa_comments.zst
Florida,tallahassee,Tallahassee,https://the-eye.eu/redarcs/files/Tallahassee_submissions.zst,https://the-eye.eu/redarcs/files/Tallahassee_comments.zst
Georgia,georgia,Georgia,https://the-eye.eu/redarcs/files/Georgia_submissions.zst,https://the-eye.eu/redarcs/files/Georgia_comments.zst
Georgia,athens,Athens,https://the-eye.eu/redarcs/files/Athens_submissions.zst,https://the-eye.eu/redarcs/files/Athens_comments.zst
Georgia,atlanta,Atlanta,https://the-eye.eu/redarcs/files/Atlanta_submissions.zst,https://the-eye.eu/redarcs/files/Atlanta_comments.zst
Georgia,augusta,Augusta,https://the-eye.eu/redarcs/files/Augusta_submissions.zst,https://the-eye.eu/redarcs/files/Augusta_comments.zst
Georgia,gwinnett,Gwinnett County,https://the-eye.eu/redarcs/files/Gwinnett_submissions.zst,https://the-eye.eu/redarcs/files/Gwinnett_comments.zst
Georgia,savannah,Savannah,https://the-eye.eu/redarcs/files/savannah_submissions.zst,https://the-eye.eu/redarcs/files/savannah_comments.zst
Hawaii,hawaii,Hawaii,https://the-eye.eu/redarcs/files/Hawaii_submissions.zst,https://the-eye.eu/redarcs/files/Hawaii_comments.zst
Hawaii,bigisland,Big Island,https://the-eye.eu/redarcs/files/BigIsland_submissions.zst,https://the-eye.eu/redarcs/files/BigIsland_comments.zst
Hawaii,honolulu,Honolulu,https://the-eye.eu/redarcs/files/Honolulu_submissions.zst,https://the-eye.eu/redarcs/files/Honolulu_comments.zst
Hawaii,maui,Maui,https://the-eye.eu/redarcs/files/maui_submissions.zst,https://the-eye.eu/redarcs/files/maui_comments.zst
Idaho,idaho,Idaho,https://the-eye.eu/redarcs/files/Idaho_submissions.zst,https://the-eye.eu/redarcs/files/Idaho_comments.zst
Idaho,boise,Boise,https://the-eye.eu/redarcs/files/Boise_submissions.zst,https://the-eye.eu/redarcs/files/Boise_comments.zst
Illinois,illinois,Illinois,https://the-eye.eu/redarcs/files/illinois_submissions.zst,https://the-eye.eu/redarcs/files/illinois_comments.zst
Illinois,chicago,Chicago,https://the-eye.eu/redarcs/files/chicago_submissions.zst,https://the-eye.eu/redarcs/files/chicago_comments.zst
Illinois,chicagosuburbs,Chicago Suburbs,https://the-eye.eu/redarcs/files/ChicagoSuburbs_submissions.zst,https://the-eye.eu/redarcs/files/ChicagoSuburbs_comments.zst
Illinois,peoriail,Peoria IL,https://the-eye.eu/redarcs/files/PeoriaIL_submissions.zst,https://the-eye.eu/redarcs/files/PeoriaIL_comments.zst
Illinois,rockford,Rockford,https://the-eye.eu/redarcs/files/rockford_submissions.zst,https://the-eye.eu/redarcs/files/rockford_comments.zst
Indiana,indiana,Indiana,https://the-eye.eu/redarcs/files/Indiana_submissions.zst,https://the-eye.eu/redarcs/files/Indiana_comments.zst
Indiana,bloomington,Bloomington,https://the-eye.eu/redarcs/files/bloomington_submissions.zst,https://the-eye.eu/redarcs/files/bloomington_comments.zst
Indiana,evansville,Evansville,https://the-eye.eu/redarcs/files/evansville_submissions.zst,https://the-eye.eu/redarcs/files/evansville_comments.zst
Indiana,fortwayne,Fort Wayne,https://the-eye.eu/redarcs/files/fortwayne_submissions.zst,https://the-eye.eu/redarcs/files/fortwayne_comments.zst
Indiana,indianapolis,Indianapolis,https://the-eye.eu/redarcs/files/indianapolis_submissions.zst,https://the-eye.eu/redarcs/files/indianapolis_comments.zst
Indiana,southbend,South Bend,https://the-eye.eu/redarcs/files/SouthBend_submissions.zst,https://the-eye.eu/redarcs/files/SouthBend_comments.zst
Iowa,iowa,Iowa,https://the-eye.eu/redarcs/files/Iowa_submissions.zst,https://the-eye.eu/redarcs/files/Iowa_comments.zst
Iowa,cedarrapids,Cedar Rapids,https://the-eye.eu/redarcs/files/cedarrapids_submissions.zst,https://the-eye.eu/redarcs/files/cedarrapids_comments.zst
Iowa,desmoines,Des Moines,https://the-eye.eu/redarcs/files/desmoines_submissions.zst,https://the-eye.eu/redarcs/files/desmoines_comments.zst
Iowa,iowacity,Iowa City,https://the-eye.eu/redarcs/files/IowaCity_submissions.zst,https://the-eye.eu/redarcs/files/IowaCity_comments.zst
Iowa,quadcities,Quad Cities Area,https://the-eye.eu/redarcs/files/QuadCities_submissions.zst,https://the-eye.eu/redarcs/files/QuadCities_comments.zst
Kansas,kansas,Kansas,https://the-eye.eu/redarcs/files/kansas_submissions.zst,https://the-eye.eu/redarcs/files/kansas_comments.zst
Kansas,kansascity,Kansas City,https://the-eye.eu/redarcs/files/kansascity_submissions.zst,https://the-eye.eu/redarcs/files/kansascity_comments.zst
Kansas,lawrence,Lawrence,https://the-eye.eu/redarcs/files/Lawrence_submissions.zst,https://the-eye.eu/redarcs/files/Lawrence_comments.zst
Kansas,wichita,Wichita,https://the-eye.eu/redarcs/files/wichita_submissions.zst,https://the-eye.eu/redarcs/files/wichita_comments.zst
Kentucky,kentucky,Kentucky,https://the-eye.eu/redarcs/files/Kentucky_submissions.zst,https://the-eye.eu/redarcs/files/Kentucky_comments.zst
Kentucky,lexington,Lexington,https://the-eye.eu/redarcs/files/lexington_submissions.zst,https://the-eye.eu/redarcs/files/lexington_comments.zst
Kentucky,louisville,Louisville,https://the-eye.eu/redarcs/files/Louisville_submissions.zst,https://the-eye.eu/redarcs/files/Louisville_comments.zst
Louisiana,louisiana,Louisiana,https://the-eye.eu/redarcs/files/Louisiana_submissions.zst,https://the-eye.eu/redarcs/files/Louisiana_comments.zst
Louisiana,acadiana,Acadiana,https://the-eye.eu/redarcs/files/Acadiana_submissions.zst,https://the-eye.eu/redarcs/files/Acadiana_comments.zst
Louisiana,batonrouge,Baton Rouge,https://the-eye.eu/redarcs/files/batonrouge_submissions.zst,https://the-eye.eu/redarcs/files/batonrouge_comments.zst
Louisiana,neworleans,New Orleans,https://the-eye.eu/redarcs/files/NewOrleans_submissions.zst,https://the-eye.eu/redarcs/files/NewOrleans_comments.zst
Louisiana,shreveport,Shreveport,https://the-eye.eu/redarcs/files/shreveport_submissions.zst,https://the-eye.eu/redarcs/files/shreveport_comments.zst
Maine,maine,Maine,https://the-eye.eu/redarcs/files/Maine_submissions.zst,https://the-eye.eu/redarcs/files/Maine_comments.zst
Maine,portlandme,Portland ME,https://the-eye.eu/redarcs/files/portlandme_submissions.zst,https://the-eye.eu/redarcs/files/portlandme_comments.zst
Maryland,maryland,Maryland,https://the-eye.eu/redarcs/files/maryland_submissions.zst,https://the-eye.eu/redarcs/files/maryland_comments.zst
Maryland,baltimore,Baltimore,https://the-eye.eu/redarcs/files/baltimore_submissions.zst,https://the-eye.eu/redarcs/files/baltimore_comments.zst
Maryland,columbiamd,Columbia,https://the-eye.eu/redarcs/files/ColumbiaMD_submissions.zst,https://the-eye.eu/redarcs/files/ColumbiaMD_comments.zst
Maryland,frederickmd,Frederick,https://the-eye.eu/redarcs/files/frederickmd_submissions.zst,https://the-eye.eu/redarcs/files/frederickmd_comments.zst
Maryland,montgomerycountymd,Montgomery County MD,https://the-eye.eu/redarcs/files/MontgomeryCountyMD_submissions.zst,https://the-eye.eu/redarcs/files/MontgomeryCountyMD_comments.zst
Massachusetts,massachusetts,Massachusetts,https://the-eye.eu/redarcs/files/massachusetts_submissions.zst,https://the-eye.eu/redarcs/files/massachusetts_comments.zst
Massachusetts,boston,Boston,https://the-eye.eu/redarcs/files/boston_submissions.zst,https://the-eye.eu/redarcs/files/boston_comments.zst
Massachusetts,cambridgema,Cambridge,https://the-eye.eu/redarcs/files/CambridgeMA_submissions.zst,https://the-eye.eu/redarcs/files/CambridgeMA_comments.zst
Massachusetts,capecod,Cape Cod,https://the-eye.eu/redarcs/files/CapeCod_submissions.zst,https://the-eye.eu/redarcs/files/CapeCod_comments.zst
Massachusetts,somerville,Somerville,https://the-eye.eu/redarcs/files/Somerville_submissions.zst,https://the-eye.eu/redarcs/files/Somerville_comments.zst
Massachusetts,worcesterma,Worcester,https://the-eye.eu/redarcs/files/WorcesterMA_submissions.zst,https://the-eye.eu/redarcs/files/WorcesterMA_comments.zst
Michigan,michigan,Michigan,https://the-eye.eu/redarcs/files/Michigan_submissions.zst,https://the-eye.eu/redarcs/files/Michigan_comments.zst
Michigan,annarbor,Ann Arbor,https://the-eye.eu/redarcs/files/AnnArbor_submissions.zst,https://the-eye.eu/redarcs/files/AnnArbor_comments.zst
Michigan,detroit,Detroit,https://the-eye.eu/redarcs/files/Detroit_submissions.zst,https://the-eye.eu/redarcs/files/Detroit_comments.zst
Michigan,grandrapids,Grand Rapids,https://the-eye.eu/redarcs/files/grandrapids_submissions.zst,https://the-eye.eu/redarcs/files/grandrapids_comments.zst
Michigan,kzoo,Kalamazoo (kzoo),https://the-eye.eu/redarcs/files/kzoo_submissions.zst,https://the-eye.eu/redarcs/files/kzoo_comments.zst
Michigan,lansing,Lansing,https://the-eye.eu/redarcs/files/lansing_submissions.zst,https://the-eye.eu/redarcs/files/lansing_comments.zst
Michigan,southbend,South Bend,https://the-eye.eu/redarcs/files/SouthBend_submissions.zst,https://the-eye.eu/redarcs/files/SouthBend_comments.zst
Minnesota,minnesota,Minnesota,https://the-eye.eu/redarcs/files/minnesota_submissions.zst,https://the-eye.eu/redarcs/files/minnesota_comments.zst
Minnesota,duluth,Duluth,https://the-eye.eu/redarcs/files/duluth_submissions.zst,https://the-eye.eu/redarcs/files/duluth_comments.zst
Minnesota,minneapolis,Minneapolis,https://the-eye.eu/redarcs/files/Minneapolis_submissions.zst,https://the-eye.eu/redarcs/files/Minneapolis_comments.zst
Minnesota,rochestermn,Rochester,https://the-eye.eu/redarcs/files/rochestermn_submissions.zst,https://the-eye.eu/redarcs/files/rochestermn_comments.zst
Minnesota,saintpaul,Saint Paul,https://the-eye.eu/redarcs/files/saintpaul_submissions.zst,https://the-eye.eu/redarcs/files/saintpaul_comments.zst
Minnesota,twincities,Twin Cities,https://the-eye.eu/redarcs/files/TwinCities_submissions.zst,https://the-eye.eu/redarcs/files/TwinCities_comments.zst
Minnesota,twincitiessocial,Twin Cities Social,https://the-eye.eu/redarcs/files/twincitiessocial_submissions.zst,https://the-eye.eu/redarcs/files/twincitiessocial_comments.zst
Mississippi,mississippi,Mississippi,https://the-eye.eu/redarcs/files/mississippi_submissions.zst,https://the-eye.eu/redarcs/files/mississippi_comments.zst
Missouri,missouri,Missouri,https://the-eye.eu/redarcs/files/missouri_submissions.zst,https://the-eye.eu/redarcs/files/missouri_comments.zst
Missouri,columbiamo,Columbia,https://the-eye.eu/redarcs/files/columbiamo_submissions.zst,https://the-eye.eu/redarcs/files/columbiamo_comments.zst
Missouri,kansascity,Kansas City,https://the-eye.eu/redarcs/files/kansascity_submissions.zst,https://the-eye.eu/redarcs/files/kansascity_comments.zst
Missouri,springfieldmo,Springfield,https://the-eye.eu/redarcs/files/springfieldMO_submissions.zst,https://the-eye.eu/redarcs/files/springfieldMO_comments.zst
Missouri,stlouis,St. Louis,https://the-eye.eu/redarcs/files/StLouis_submissions.zst,https://the-eye.eu/redarcs/files/StLouis_comments.zst
Montana,montana,Montana,https://the-eye.eu/redarcs/files/Montana_submissions.zst,https://the-eye.eu/redarcs/files/Montana_comments.zst
Montana,bozeman,Bozeman,https://the-eye.eu/redarcs/files/Bozeman_submissions.zst,https://the-eye.eu/redarcs/files/Bozeman_comments.zst
Montana,missoula,Missoula,https://the-eye.eu/redarcs/files/missoula_submissions.zst,https://the-eye.eu/redarcs/files/missoula_comments.zst
Nebraska,nebraska,Nebraska,https://the-eye.eu/redarcs/files/Nebraska_submissions.zst,https://the-eye.eu/redarcs/files/Nebraska_comments.zst
Nebraska,lincoln,Lincoln,https://the-eye.eu/redarcs/files/lincoln_submissions.zst,https://the-eye.eu/redarcs/files/lincoln_comments.zst
Nebraska,omaha,Omaha,https://the-eye.eu/redarcs/files/Omaha_submissions.zst,https://the-eye.eu/redarcs/files/Omaha_comments.zst
Nevada,nevada,Nevada,https://the-eye.eu/redarcs/files/Nevada_submissions.zst,https://the-eye.eu/redarcs/files/Nevada_comments.zst
Nevada,lasvegas,Las Vegas,https://the-eye.eu/redarcs/files/LasVegas_submissions.zst,https://the-eye.eu/redarcs/files/LasVegas_comments.zst
Nevada,vegas,(Las) Vegas,https://the-eye.eu/redarcs/files/vegas_submissions.zst,https://the-eye.eu/redarcs/files/vegas_comments.zst
Nevada,reno,Reno,https://the-eye.eu/redarcs/files/Reno_submissions.zst,https://the-eye.eu/redarcs/files/Reno_comments.zst
Nevada,tahoe,Tahoe,https://the-eye.eu/redarcs/files/tahoe_submissions.zst,https://the-eye.eu/redarcs/files/tahoe_comments.zst
New Hampshire,newhampshire,New Hampshire,https://the-eye.eu/redarcs/files/newhampshire_submissions.zst,https://the-eye.eu/redarcs/files/newhampshire_comments.zst
New Jersey,newjersey,New Jersey,https://the-eye.eu/redarcs/files/newjersey_submissions.zst,https://the-eye.eu/redarcs/files/newjersey_comments.zst
New Jersey,hoboken,Hoboken,https://the-eye.eu/redarcs/files/Hoboken_submissions.zst,https://the-eye.eu/redarcs/files/Hoboken_comments.zst
New Jersey,jerseycity,Jersey City,https://the-eye.eu/redarcs/files/jerseycity_submissions.zst,https://the-eye.eu/redarcs/files/jerseycity_comments.zst
New Jersey,newark,Newark,https://the-eye.eu/redarcs/files/Newark_submissions.zst,https://the-eye.eu/redarcs/files/Newark_comments.zst
New Jersey,southjersey,South Jersey,https://the-eye.eu/redarcs/files/SouthJersey_submissions.zst,https://the-eye.eu/redarcs/files/SouthJersey_comments.zst
New Mexico,newmexico,New Mexico,https://the-eye.eu/redarcs/files/NewMexico_submissions.zst,https://the-eye.eu/redarcs/files/NewMexico_comments.zst
New Mexico,albuquerque,Albuquerque,https://the-eye.eu/redarcs/files/Albuquerque_submissions.zst,https://the-eye.eu/redarcs/files/Albuquerque_comments.zst
New Mexico,santafe,Santa Fe,https://the-eye.eu/redarcs/files/SantaFe_submissions.zst,https://the-eye.eu/redarcs/files/SantaFe_comments.zst
New York,newyork,New York,https://the-eye.eu/redarcs/files/newyork_submissions.zst,https://the-eye.eu/redarcs/files/newyork_comments.zst
New York,adirondacks,Adirondack Park,https://the-eye.eu/redarcs/files/Adirondacks_submissions.zst,https://the-eye.eu/redarcs/files/Adirondacks_comments.zst
New York,albany,Albany,https://the-eye.eu/redarcs/files/Albany_submissions.zst,https://the-eye.eu/redarcs/files/Albany_comments.zst
New York,astoria,Astoria,https://the-eye.eu/redarcs/files/astoria_submissions.zst,https://the-eye.eu/redarcs/files/astoria_comments.zst
New York,binghamton,Binghamton,https://the-eye.eu/redarcs/files/Binghamton_submissions.zst,https://the-eye.eu/redarcs/files/Binghamton_comments.zst
New York,brooklyn,Brooklyn,https://the-eye.eu/redarcs/files/Brooklyn_submissions.zst,https://the-eye.eu/redarcs/files/Brooklyn_comments.zst
New York,buffalo,Buffalo,https://the-eye.eu/redarcs/files/Buffalo_submissions.zst,https://the-eye.eu/redarcs/files/Buffalo_comments.zst
New York,hudsonvalley,Hudson Valley,https://the-eye.eu/redarcs/files/hudsonvalley_submissions.zst,https://the-eye.eu/redarcs/files/hudsonvalley_comments.zst
New York,ithaca,Ithaca,https://the-eye.eu/redarcs/files/ithaca_submissions.zst,https://the-eye.eu/redarcs/files/ithaca_comments.zst
New York,longisland,Long Island,https://the-eye.eu/redarcs/files/longisland_submissions.zst,https://the-eye.eu/redarcs/files/longisland_comments.zst
New York,nyc,New York City,https://the-eye.eu/redarcs/files/nyc_submissions.zst,https://the-eye.eu/redarcs/files/nyc_comments.zst
New York,queens,Queens,https://the-eye.eu/redarcs/files/Queens_submissions.zst,https://the-eye.eu/redarcs/files/Queens_comments.zst
New York,rochester,Rochester,https://the-eye.eu/redarcs/files/Rochester_submissions.zst,https://the-eye.eu/redarcs/files/Rochester_comments.zst
New York,statenisland,Staten Island,https://the-eye.eu/redarcs/files/statenisland_submissions.zst,https://the-eye.eu/redarcs/files/statenisland_comments.zst
New York,syracuse,Syracuse,https://the-eye.eu/redarcs/files/Syracuse_submissions.zst,https://the-eye.eu/redarcs/files/Syracuse_comments.zst
New York,troy,Troy,https://the-eye.eu/redarcs/files/Troy_submissions.zst,https://the-eye.eu/redarcs/files/Troy_comments.zst
New York,upstate_new_york,Upstate New York,https://the-eye.eu/redarcs/files/upstate_new_york_submissions.zst,https://the-eye.eu/redarcs/files/upstate_new_york_comments.zst
New York,westchester,Westchester County,https://the-eye.eu/redarcs/files/Westchester_submissions.zst,https://the-eye.eu/redarcs/files/Westchester_comments.zst
North Carolina,northcarolina,North Carolina,https://the-eye.eu/redarcs/files/NorthCarolina_submissions.zst,https://the-eye.eu/redarcs/files/NorthCarolina_comments.zst
North Carolina,asheville,Asheville,https://the-eye.eu/redarcs/files/asheville_submissions.zst,https://the-eye.eu/redarcs/files/asheville_comments.zst
North Carolina,charlotte,Charlotte,https://the-eye.eu/redarcs/files/Charlotte_submissions.zst,https://the-eye.eu/redarcs/files/Charlotte_comments.zst
North Carolina,bullcity,Durham,https://the-eye.eu/redarcs/files/bullcity_submissions.zst,https://the-eye.eu/redarcs/files/bullcity_comments.zst
North Carolina,gso,Greensboro,https://the-eye.eu/redarcs/files/gso_submissions.zst,https://the-eye.eu/redarcs/files/gso_comments.zst
North Carolina,raleigh,Raleigh,https://the-eye.eu/redarcs/files/raleigh_submissions.zst,https://the-eye.eu/redarcs/files/raleigh_comments.zst
North Carolina,triangle,Triangle,https://the-eye.eu/redarcs/files/triangle_submissions.zst,https://the-eye.eu/redarcs/files/triangle_comments.zst
North Carolina,wilmington,Wilmington,https://the-eye.eu/redarcs/files/Wilmington_submissions.zst,https://the-eye.eu/redarcs/files/Wilmington_comments.zst
North Carolina,winstonsalem,Winston-Salem,https://the-eye.eu/redarcs/files/winstonsalem_submissions.zst,https://the-eye.eu/redarcs/files/winstonsalem_comments.zst
North Dakota,northdakota,North Dakota,https://the-eye.eu/redarcs/files/northdakota_submissions.zst,https://the-eye.eu/redarcs/files/northdakota_comments.zst
North Dakota,fargo,Fargo,https://the-eye.eu/redarcs/files/fargo_submissions.zst,https://the-eye.eu/redarcs/files/fargo_comments.zst
Ohio,ohio,Ohio,https://the-eye.eu/redarcs/files/Ohio_submissions.zst,https://the-eye.eu/redarcs/files/Ohio_comments.zst
Ohio,akron,Akron,https://the-eye.eu/redarcs/files/akron_submissions.zst,https://the-eye.eu/redarcs/files/akron_comments.zst
Ohio,cincinnati,Cincinnati,https://the-eye.eu/redarcs/files/cincinnati_submissions.zst,https://the-eye.eu/redarcs/files/cincinnati_comments.zst
Ohio,cleveland,Cleveland,https://the-eye.eu/redarcs/files/Cleveland_submissions.zst,https://the-eye.eu/redarcs/files/Cleveland_comments.zst
Ohio,columbus,Columbus,https://the-eye.eu/redarcs/files/Columbus_submissions.zst,https://the-eye.eu/redarcs/files/Columbus_comments.zst
Ohio,dayton,Dayton,https://the-eye.eu/redarcs/files/dayton_submissions.zst,https://the-eye.eu/redarcs/files/dayton_comments.zst
Ohio,toledo,Toledo,https://the-eye.eu/redarcs/files/toledo_submissions.zst,https://the-eye.eu/redarcs/files/toledo_comments.zst
Oklahoma,oklahoma,Oklahoma,https://the-eye.eu/redarcs/files/oklahoma_submissions.zst,https://the-eye.eu/redarcs/files/oklahoma_comments.zst
Oklahoma,okc,Oklahoma City (OKC),https://the-eye.eu/redarcs/files/okc_submissions.zst,https://the-eye.eu/redarcs/files/okc_comments.zst
Oklahoma,tulsa,Tulsa,https://the-eye.eu/redarcs/files/tulsa_submissions.zst,https://the-eye.eu/redarcs/files/tulsa_comments.zst
Oregon,oregon,Oregon,https://the-eye.eu/redarcs/files/oregon_submissions.zst,https://the-eye.eu/redarcs/files/oregon_comments.zst
Oregon,bend,Bend,https://the-eye.eu/redarcs/files/Bend_submissions.zst,https://the-eye.eu/redarcs/files/Bend_comments.zst
Oregon,corvallis,Corvallis,https://the-eye.eu/redarcs/files/corvallis_submissions.zst,https://the-eye.eu/redarcs/files/corvallis_comments.zst
Oregon,eugene,Eugene,https://the-eye.eu/redarcs/files/Eugene_submissions.zst,https://the-eye.eu/redarcs/files/Eugene_comments.zst
Oregon,medford,Medford,https://the-eye.eu/redarcs/files/Medford_submissions.zst,https://the-eye.eu/redarcs/files/Medford_comments.zst
Oregon,portland,Portland,https://the-eye.eu/redarcs/files/Portland_submissions.zst,https://the-eye.eu/redarcs/files/Portland_comments.zst
Oregon,salem,Salem,https://the-eye.eu/redarcs/files/SALEM_submissions.zst,https://the-eye.eu/redarcs/files/SALEM_comments.zst
Pennsylvania,pennsylvania,Pennsylvania,https://the-eye.eu/redarcs/files/Pennsylvania_submissions.zst,https://the-eye.eu/redarcs/files/Pennsylvania_comments.zst
Pennsylvania,buckscountypa,Bucks County,https://the-eye.eu/redarcs/files/BucksCountyPA_submissions.zst,https://the-eye.eu/redarcs/files/BucksCountyPA_comments.zst
Pennsylvania,erie,Erie,https://the-eye.eu/redarcs/files/Erie_submissions.zst,https://the-eye.eu/redarcs/files/Erie_comments.zst
Pennsylvania,lancaster,Lancaster,https://the-eye.eu/redarcs/files/lancaster_submissions.zst,https://the-eye.eu/redarcs/files/lancaster_comments.zst
Pennsylvania,lehighvalley,Lehigh Valley,https://the-eye.eu/redarcs/files/lehighvalley_submissions.zst,https://the-eye.eu/redarcs/files/lehighvalley_comments.zst
Pennsylvania,philadelphia,Philadelphia,https://the-eye.eu/redarcs/files/philadelphia_submissions.zst,https://the-eye.eu/redarcs/files/philadelphia_comments.zst
Pennsylvania,pittsburgh,Pittsburgh,https://the-eye.eu/redarcs/files/pittsburgh_submissions.zst,https://the-eye.eu/redarcs/files/pittsburgh_comments.zst
Rhode Island,rhodeisland,Rhode Island,https://the-eye.eu/redarcs/files/RhodeIsland_submissions.zst,https://the-eye.eu/redarcs/files/RhodeIsland_comments.zst
Rhode Island,providence,Providence,https://the-eye.eu/redarcs/files/providence_submissions.zst,https://the-eye.eu/redarcs/files/providence_comments.zst
South Carolina,southcarolina,South Carolina,https://the-eye.eu/redarcs/files/southcarolina_submissions.zst,https://the-eye.eu/redarcs/files/southcarolina_comments.zst
South Carolina,charleston,Charleston,https://the-eye.eu/redarcs/files/Charleston_submissions.zst,https://the-eye.eu/redarcs/files/Charleston_comments.zst
South Carolina,greenville,Greenville,https://the-eye.eu/redarcs/files/greenville_submissions.zst,https://the-eye.eu/redarcs/files/greenville_comments.zst
South Carolina,myrtlebeach,Myrtle Beach,https://the-eye.eu/redarcs/files/MyrtleBeach_submissions.zst,https://the-eye.eu/redarcs/files/MyrtleBeach_comments.zst
South Dakota,southdakota,South Dakota,https://the-eye.eu/redarcs/files/SouthDakota_submissions.zst,https://the-eye.eu/redarcs/files/SouthDakota_comments.zst
South Dakota,siouxfalls,Sioux Falls,https://the-eye.eu/redarcs/files/SiouxFalls_submissions.zst,https://the-eye.eu/redarcs/files/SiouxFalls_comments.zst
Tennessee,tennessee,Tennessee,https://the-eye.eu/redarcs/files/Tennessee_submissions.zst,https://the-eye.eu/redarcs/files/Tennessee_comments.zst
Tennessee,chattanooga,Chattanooga,https://the-eye.eu/redarcs/files/Chattanooga_submissions.zst,https://the-eye.eu/redarcs/files/Chattanooga_comments.zst
Tennessee,knoxville,Knoxville,https://the-eye.eu/redarcs/files/Knoxville_submissions.zst,https://the-eye.eu/redarcs/files/Knoxville_comments.zst
Tennessee,memphis,Memphis,https://the-eye.eu/redarcs/files/memphis_submissions.zst,https://the-eye.eu/redarcs/files/memphis_comments.zst
Tennessee,murfreesboro,Murfreesboro,https://the-eye.eu/redarcs/files/murfreesboro_submissions.zst,https://the-eye.eu/redarcs/files/murfreesboro_comments.zst
Tennessee,nashville,Nashville,https://the-eye.eu/redarcs/files/nashville_submissions.zst,https://the-eye.eu/redarcs/files/nashville_comments.zst
Tennessee,tricities,Tri-Cities,https://the-eye.eu/redarcs/files/tricities_submissions.zst,https://the-eye.eu/redarcs/files/tricities_comments.zst
Texas,texas,Texas,https://the-eye.eu/redarcs/files/texas_submissions.zst,https://the-eye.eu/redarcs/files/texas_comments.zst
Texas,amarillo,Amarillo,https://the-eye.eu/redarcs/files/amarillo_submissions.zst,https://the-eye.eu/redarcs/files/amarillo_comments.zst
Texas,arlington,Arlington,https://the-eye.eu/redarcs/files/arlington_submissions.zst,https://the-eye.eu/redarcs/files/arlington_comments.zst
Texas,austin,Austin,https://the-eye.eu/redarcs/files/Austin_submissions.zst,https://the-eye.eu/redarcs/files/Austin_comments.zst
Texas,corpus,Corpus (Christi),https://the-eye.eu/redarcs/files/corpus_submissions.zst,https://the-eye.eu/redarcs/files/corpus_comments.zst
Texas,dallas,Dallas,https://the-eye.eu/redarcs/files/Dallas_submissions.zst,https://the-eye.eu/redarcs/files/Dallas_comments.zst
Texas,denton,Denton,https://the-eye.eu/redarcs/files/Denton_submissions.zst,https://the-eye.eu/redarcs/files/Denton_comments.zst
Texas,elpaso,El Paso,https://the-eye.eu/redarcs/files/ElPaso_submissions.zst,https://the-eye.eu/redarcs/files/ElPaso_comments.zst
Texas,fortworth,Fort Worth,https://the-eye.eu/redarcs/files/FortWorth_submissions.zst,https://the-eye.eu/redarcs/files/FortWorth_comments.zst
Texas,houston,Houston,https://the-eye.eu/redarcs/files/houston_submissions.zst,https://the-eye.eu/redarcs/files/houston_comments.zst
Texas,lubbock,Lubbock,https://the-eye.eu/redarcs/files/Lubbock_submissions.zst,https://the-eye.eu/redarcs/files/Lubbock_comments.zst
Texas,midessa,Midland Odessa,https://the-eye.eu/redarcs/files/Midessa_submissions.zst,https://the-eye.eu/redarcs/files/Midessa_comments.zst
Texas,plano,Plano,https://the-eye.eu/redarcs/files/plano_submissions.zst,https://the-eye.eu/redarcs/files/plano_comments.zst
Texas,riograndevalley,Rio Grande Valley,https://the-eye.eu/redarcs/files/RioGrandeValley_submissions.zst,https://the-eye.eu/redarcs/files/RioGrandeValley_comments.zst
Texas,sanantonio,San Antonio,https://the-eye.eu/redarcs/files/sanantonio_submissions.zst,https://the-eye.eu/redarcs/files/sanantonio_comments.zst
Texas,sanmarcos,San Marcos,https://the-eye.eu/redarcs/files/sanmarcos_submissions.zst,https://the-eye.eu/redarcs/files/sanmarcos_comments.zst
Texas,waco,Waco,https://the-eye.eu/redarcs/files/Waco_submissions.zst,https://the-eye.eu/redarcs/files/Waco_comments.zst
Utah,utah,Utah,https://the-eye.eu/redarcs/files/Utah_submissions.zst,https://the-eye.eu/redarcs/files/Utah_comments.zst
Utah,saltlakecity,Salt Lake City,https://the-eye.eu/redarcs/files/SaltLakeCity_submissions.zst,https://the-eye.eu/redarcs/files/SaltLakeCity_comments.zst
Vermont,vermont,Vermont,https://the-eye.eu/redarcs/files/vermont_submissions.zst,https://the-eye.eu/redarcs/files/vermont_comments.zst
Vermont,burlington,Burlington,https://the-eye.eu/redarcs/files/burlington_submissions.zst,https://the-eye.eu/redarcs/files/burlington_comments.zst
Virginia,virginia,Virginia,https://the-eye.eu/redarcs/files/Virginia_submissions.zst,https://the-eye.eu/redarcs/files/Virginia_comments.zst
Virginia,charlottesville,Charlottesville,https://the-eye.eu/redarcs/files/Charlottesville_submissions.zst,https://the-eye.eu/redarcs/files/Charlottesville_comments.zst
Virginia,nova,Northern Virginia (NOVA),https://the-eye.eu/redarcs/files/nova_submissions.zst,https://the-eye.eu/redarcs/files/nova_comments.zst
Virginia,norfolk,Norfolk,https://the-eye.eu/redarcs/files/norfolk_submissions.zst,https://the-eye.eu/redarcs/files/norfolk_comments.zst
Virginia,rva,Richmond,https://the-eye.eu/redarcs/files/rva_submissions.zst,https://the-eye.eu/redarcs/files/rva_comments.zst
Virginia,roanoke,Roanoke,https://the-eye.eu/redarcs/files/roanoke_submissions.zst,https://the-eye.eu/redarcs/files/roanoke_comments.zst
Virginia,virginiabeach,Virginia Beach,https://the-eye.eu/redarcs/files/VirginiaBeach_submissions.zst,https://the-eye.eu/redarcs/files/VirginiaBeach_comments.zst
Washington,washington,Washington,https://the-eye.eu/redarcs/files/Washington_submissions.zst,https://the-eye.eu/redarcs/files/Washington_comments.zst
Washington,bellingham,Bellingham,https://the-eye.eu/redarcs/files/Bellingham_submissions.zst,https://the-eye.eu/redarcs/files/Bellingham_comments.zst
Washington,eastside,Eastside,https://the-eye.eu/redarcs/files/eastside_submissions.zst,https://the-eye.eu/redarcs/files/eastside_comments.zst
Washington,everett,Everett,https://the-eye.eu/redarcs/files/everett_submissions.zst,https://the-eye.eu/redarcs/files/everett_comments.zst
Washington,olympia,Olympia,https://the-eye.eu/redarcs/files/olympia_submissions.zst,https://the-eye.eu/redarcs/files/olympia_comments.zst
Washington,seattle,Seattle,https://the-eye.eu/redarcs/files/Seattle_submissions.zst,https://the-eye.eu/redarcs/files/Seattle_comments.zst
Washington,seattlewa,SeattleWA,https://the-eye.eu/redarcs/files/SeattleWA_submissions.zst,https://the-eye.eu/redarcs/files/SeattleWA_comments.zst
Washington,spokane,Spokane,https://the-eye.eu/redarcs/files/Spokane_submissions.zst,https://the-eye.eu/redarcs/files/Spokane_comments.zst
Washington,tacoma,Tacoma,https://the-eye.eu/redarcs/files/Tacoma_submissions.zst,https://the-eye.eu/redarcs/files/Tacoma_comments.zst
Washington,tricitieswa,Tricities,https://the-eye.eu/redarcs/files/TriCitiesWA_submissions.zst,https://the-eye.eu/redarcs/files/TriCitiesWA_comments.zst
Washington,vancouverwa,Vancouver,https://the-eye.eu/redarcs/files/vancouverwa_submissions.zst,https://the-eye.eu/redarcs/files/vancouverwa_comments.zst
West Virginia,westvirginia,West Virginia,https://the-eye.eu/redarcs/files/WestVirginia_submissions.zst,https://the-eye.eu/redarcs/files/WestVirginia_comments.zst
Wisconsin,wisconsin,Wisconsin,https://the-eye.eu/redarcs/files/wisconsin_submissions.zst,https://the-eye.eu/redarcs/files/wisconsin_comments.zst
Wisconsin,greenbay,Green Bay,https://the-eye.eu/redarcs/files/GreenBay_submissions.zst,https://the-eye.eu/redarcs/files/GreenBay_comments.zst
Wisconsin,kenosha,Kenosha,https://the-eye.eu/redarcs/files/Kenosha_submissions.zst,https://the-eye.eu/redarcs/files/Kenosha_comments.zst
Wisconsin,madisonwi,Madison,https://the-eye.eu/redarcs/files/madisonwi_submissions.zst,https://the-eye.eu/redarcs/files/madisonwi_comments.zst
Wisconsin,milwaukee,Milwaukee,https://the-eye.eu/redarcs/files/milwaukee_submissions.zst,https://the-eye.eu/redarcs/files/milwaukee_comments.zst
Wyoming,wyoming,Wyoming,https://the-eye.eu/redarcs/files/wyoming_submissions.zst,https://the-eye.eu/redarcs/files/wyoming_comments.zst
Wyoming,yellowstone,Yellowstone National Park,https://the-eye.eu/redarcs/files/yellowstone_submissions.zst,https://the-eye.eu/redarcs/files/yellowstone_comments.zst
